Image,Class
image9103.jpg,misc
image10310.jpg,Food
image9007.jpg,Food
image10582.jpg,Decorationandsignage
image9433.jpg,misc
image10068.jpg,Decorationandsignage
image9303.jpg,Food
image10149.jpg,misc
image10389.jpg,Decorationandsignage
image10498.jpg,Food
image9172.jpg,Decorationandsignage
image10753.jpg,Attire
image9466.jpg,Decorationandsignage
image9847.jpg,Attire
image9115.jpg,Attire
image9441.jpg,Food
image9531.jpg,Attire
image10499.jpg,Attire
image9694.jpg,misc
image10341.jpg,misc
image9416.jpg,Food
image9414.jpg,Attire
image9938.jpg,Food
image10353.jpg,Decorationandsignage
image9412.jpg,Food
image10086.jpg,Decorationandsignage
image10773.jpg,misc
image10687.jpg,Attire
image9900.jpg,Food
image9186.jpg,Food
image10287.jpg,Decorationandsignage
image10318.jpg,Decorationandsignage
image10281.jpg,Food
image9016.jpg,misc
image9761.jpg,Attire
image10373.jpg,Attire
image9560.jpg,Food
image10316.jpg,Food
image9464.jpg,Attire
image9184.jpg,Food
image10515.jpg,Food
image10646.jpg,misc
image9750.jpg,Attire
image9082.jpg,Food
image9147.jpg,Attire
image9971.jpg,Food
image10861.jpg,Food
image9826.jpg,Attire
image10473.jpg,Food
image10153.jpg,Attire
image9309.jpg,misc
image10289.jpg,Food
image10265.jpg,Food
image10267.jpg,Attire
image9541.jpg,misc
image10356.jpg,misc
image9622.jpg,misc
image9210.jpg,Attire
image9713.jpg,Attire
image9281.jpg,misc
image10540.jpg,Attire
image10431.jpg,Attire
image10587.jpg,Food
image10728.jpg,Attire
image9756.jpg,misc
image9483.jpg,Attire
image9155.jpg,Attire
image9247.jpg,Attire
image9151.jpg,Food
image9012.jpg,Attire
image9415.jpg,Food
image10071.jpg,Food
image9375.jpg,Attire
image9241.jpg,Attire
image9834.jpg,Food
image10440.jpg,Decorationandsignage
image9875.jpg,Decorationandsignage
image10758.jpg,Attire
image10270.jpg,Attire
image10306.jpg,Food
image9348.jpg,Food
image9263.jpg,Food
image9642.jpg,Food
image10857.jpg,Food
image10844.jpg,Attire
image10247.jpg,Food
image9890.jpg,Food
image9931.jpg,Attire
image9094.jpg,Attire
image10221.jpg,Attire
image9295.jpg,misc
image9417.jpg,Attire
image9042.jpg,Attire
image9711.jpg,Attire
image10171.jpg,Attire
image9716.jpg,Attire
image9602.jpg,Attire
image10078.jpg,Food
image9251.jpg,misc
image10698.jpg,Attire
image10106.jpg,Decorationandsignage
image9581.jpg,Attire
image9566.jpg,Food
image10815.jpg,Food
image9122.jpg,Food
image9338.jpg,Food
image10806.jpg,Food
image9245.jpg,Food
image10402.jpg,Food
image10759.jpg,Food
image9502.jpg,Attire
image9831.jpg,Decorationandsignage
image10272.jpg,Food
image10282.jpg,Attire
image10741.jpg,Decorationandsignage
image9598.jpg,Attire
image9528.jpg,Food
image10075.jpg,Attire
image9912.jpg,Food
image10826.jpg,Decorationandsignage
image10111.jpg,Decorationandsignage
image9640.jpg,Food
image10805.jpg,Decorationandsignage
image10571.jpg,Food
image10438.jpg,Food
image9038.jpg,Attire
image9555.jpg,misc
image10007.jpg,Attire
image10660.jpg,misc
image9621.jpg,Food
image10122.jpg,Attire
image9848.jpg,Food
image10355.jpg,Attire
image10279.jpg,Attire
image9054.jpg,Decorationandsignage
image9763.jpg,Food
image9337.jpg,Food
image10751.jpg,Food
image10779.jpg,Attire
image9680.jpg,Attire
image9644.jpg,Food
image10627.jpg,Decorationandsignage
image10130.jpg,Attire
image9013.jpg,misc
image9254.jpg,Decorationandsignage
image9204.jpg,misc
image9605.jpg,Attire
image10260.jpg,Attire
image9585.jpg,Food
image9320.jpg,Food
image9232.jpg,Attire
image10536.jpg,misc
image10891.jpg,Attire
image10244.jpg,Food
image10346.jpg,Food
image10814.jpg,Food
image9946.jpg,Attire
image9196.jpg,Decorationandsignage
image9691.jpg,Attire
image10422.jpg,Decorationandsignage
image9710.jpg,Food
image10395.jpg,Attire
image9397.jpg,Food
image10339.jpg,Food
image10509.jpg,misc
image10549.jpg,Food
image9141.jpg,Food
image9545.jpg,misc
image10769.jpg,Food
image10793.jpg,Attire
image10144.jpg,Attire
image10202.jpg,Attire
image10381.jpg,Food
image9865.jpg,Food
image9872.jpg,Decorationandsignage
image9861.jpg,Food
image9895.jpg,Food
image9324.jpg,Attire
image10666.jpg,misc
image9702.jpg,Food
image9832.jpg,misc
image10382.jpg,Decorationandsignage
image10547.jpg,Attire
image9588.jpg,Food
image9570.jpg,Attire
image9108.jpg,misc
image10485.jpg,misc
image9282.jpg,misc
image9667.jpg,Food
image10378.jpg,Attire
image10209.jpg,Food
image9994.jpg,misc
image9714.jpg,Food
image9477.jpg,Attire
image10227.jpg,Attire
image9993.jpg,Food
image9075.jpg,Food
image9690.jpg,misc
image10419.jpg,misc
image9717.jpg,misc
image9053.jpg,Attire
image9973.jpg,Attire
image10563.jpg,Food
image9652.jpg,Food
image10387.jpg,Food
image10458.jpg,misc
image9886.jpg,Attire
image10523.jpg,Decorationandsignage
image10405.jpg,misc
image10033.jpg,Food
image10488.jpg,Food
image9188.jpg,Attire
image9835.jpg,Attire
image10058.jpg,Decorationandsignage
image10190.jpg,misc
image9603.jpg,misc
image10332.jpg,Food
image9440.jpg,Decorationandsignage
image9941.jpg,Attire
image9827.jpg,misc
image9406.jpg,Attire
image9657.jpg,Attire
image10738.jpg,misc
image10705.jpg,Attire
image10543.jpg,misc
image10719.jpg,Attire
image10437.jpg,Decorationandsignage
image10767.jpg,Food
image10285.jpg,Food
image10812.jpg,Attire
image9807.jpg,Food
image10137.jpg,misc
image9065.jpg,Food
image10546.jpg,Attire
image10338.jpg,Food
image9421.jpg,Decorationandsignage
image10723.jpg,Food
image9536.jpg,Attire
image10391.jpg,Attire
image9907.jpg,Decorationandsignage
image10415.jpg,Attire
image9852.jpg,Attire
image10315.jpg,misc
image10615.jpg,Food
image9225.jpg,Attire
image9015.jpg,Attire
image9071.jpg,Attire
image10092.jpg,misc
image9473.jpg,Attire
image9027.jpg,Food
image9590.jpg,Food
image9185.jpg,Food
image10226.jpg,Food
image10574.jpg,misc
image9554.jpg,misc
image10291.jpg,Decorationandsignage
image9110.jpg,misc
image9823.jpg,Food
image9693.jpg,Attire
image9287.jpg,Attire
image10838.jpg,Food
image10870.jpg,Food
image9797.jpg,Food
image10553.jpg,Food
image9252.jpg,Attire
image9916.jpg,Attire
image9371.jpg,Food
image10277.jpg,Food
image9850.jpg,misc
image9620.jpg,Food
image10441.jpg,Food
image9305.jpg,Food
image9521.jpg,Decorationandsignage
image10043.jpg,Food
image9470.jpg,Attire
image10801.jpg,Attire
image9275.jpg,Food
image10480.jpg,Attire
image10392.jpg,Decorationandsignage
image9732.jpg,Attire
image10251.jpg,Decorationandsignage
image10443.jpg,Attire
image9893.jpg,Attire
image9513.jpg,Food
image10833.jpg,Attire
image10544.jpg,Attire
image9934.jpg,misc
image10351.jpg,Decorationandsignage
image9595.jpg,Attire
image10003.jpg,Attire
image9101.jpg,Food
image10029.jpg,misc
image10110.jpg,Attire
image9954.jpg,Food
image10032.jpg,Attire
image10503.jpg,Food
image10016.jpg,Decorationandsignage
image10425.jpg,Decorationandsignage
image10581.jpg,Food
image9959.jpg,Food
image9752.jpg,Attire
image9981.jpg,Food
image9030.jpg,Food
image9139.jpg,misc
image10019.jpg,Food
image10368.jpg,Attire
image9384.jpg,Decorationandsignage
image10885.jpg,misc
image9427.jpg,Food
image9674.jpg,Food
image9235.jpg,Food
image9048.jpg,Food
image9742.jpg,Attire
image10101.jpg,misc
image10559.jpg,Decorationandsignage
image10629.jpg,Decorationandsignage
image10841.jpg,Decorationandsignage
image9676.jpg,Attire
image10264.jpg,Attire
image9354.jpg,Attire
image9212.jpg,misc
image9983.jpg,Attire
image10597.jpg,Attire
image9326.jpg,Food
image9264.jpg,Attire
image10175.jpg,Food
image10564.jpg,misc
image9567.jpg,Attire
image9395.jpg,misc
image9734.jpg,Attire
image10118.jpg,Attire
image10704.jpg,Attire
image10160.jpg,Food
image9817.jpg,Food
image9804.jpg,Attire
image10348.jpg,Decorationandsignage
image10125.jpg,Food
image9899.jpg,Food
image10667.jpg,Food
image9476.jpg,misc
image9896.jpg,Attire
image9940.jpg,Attire
image9051.jpg,Attire
image10702.jpg,Food
image10775.jpg,Food
image9237.jpg,Attire
image9532.jpg,Food
image9400.jpg,misc
image9056.jpg,Food
image9402.jpg,Attire
image10720.jpg,Food
image9488.jpg,misc
image9435.jpg,Food
image9217.jpg,misc
image9825.jpg,Food
image9874.jpg,Food
image10482.jpg,Attire
image10371.jpg,misc
image9198.jpg,Food
image10100.jpg,Food
image9026.jpg,Attire
image9725.jpg,misc
image9812.jpg,misc
image10359.jpg,Decorationandsignage
image9315.jpg,Food
image9389.jpg,Attire
image9227.jpg,Attire
image10512.jpg,Decorationandsignage
image9215.jpg,Food
image10358.jpg,Food
image9616.jpg,Attire
image10802.jpg,Food
image10254.jpg,Decorationandsignage
image9662.jpg,Attire
image10733.jpg,Decorationandsignage
image10403.jpg,Attire
image9579.jpg,misc
image10577.jpg,Food
image9526.jpg,Food
image10565.jpg,Attire
image10162.jpg,Food
image10192.jpg,Food
image10862.jpg,Attire
image10154.jpg,Food
image10732.jpg,Attire
image10311.jpg,Attire
image10690.jpg,Attire
image10352.jpg,Attire
image10865.jpg,Decorationandsignage
image9055.jpg,misc
image9459.jpg,Attire
image9457.jpg,Attire
image10404.jpg,Attire
image9910.jpg,Food
image10116.jpg,misc
image9668.jpg,Attire
image10730.jpg,Decorationandsignage
image10502.jpg,Attire
image10467.jpg,Food
image9990.jpg,Food
image10619.jpg,misc
image10676.jpg,Food
image10091.jpg,misc
image9292.jpg,Attire
image10798.jpg,misc
image10713.jpg,Decorationandsignage
image9894.jpg,misc
image10842.jpg,Attire
image9093.jpg,Attire
image10538.jpg,Food
image10868.jpg,Food
image10554.jpg,Decorationandsignage
image10215.jpg,Decorationandsignage
image9773.jpg,Decorationandsignage
image9754.jpg,Food
image10735.jpg,Attire
image10797.jpg,Food
image10117.jpg,Decorationandsignage
image10258.jpg,misc
image10600.jpg,misc
image9687.jpg,Food
image9903.jpg,misc
image9489.jpg,misc
image9077.jpg,misc
image9586.jpg,Food
image9855.jpg,Food
image9138.jpg,Decorationandsignage
image9504.jpg,Decorationandsignage
image10603.jpg,Attire
image9692.jpg,Decorationandsignage
image9426.jpg,Food
image10881.jpg,Food
image9302.jpg,Food
image10750.jpg,Attire
image9924.jpg,Attire
image9751.jpg,Food
image10087.jpg,Food
image10343.jpg,Attire
image9552.jpg,Attire
image9050.jpg,Decorationandsignage
image9520.jpg,misc
image10701.jpg,misc
image10180.jpg,Attire
image10006.jpg,Decorationandsignage
image9047.jpg,Food
image10532.jpg,Attire
image9679.jpg,Attire
image9078.jpg,misc
image10156.jpg,Attire
image9041.jpg,Decorationandsignage
image10176.jpg,Food
image9248.jpg,Attire
image9279.jpg,Food
image10621.jpg,Attire
image9723.jpg,misc
image10584.jpg,Food
image10299.jpg,Food
image10011.jpg,Food
image10042.jpg,Attire
image10120.jpg,misc
image10708.jpg,Food
image10475.jpg,Decorationandsignage
image9446.jpg,misc
image10259.jpg,Food
image9650.jpg,Attire
image9003.jpg,Attire
image9031.jpg,Food
image9695.jpg,Attire
image10435.jpg,Food
image9537.jpg,Attire
image9544.jpg,Attire
image9840.jpg,Decorationandsignage
image9148.jpg,Attire
image10280.jpg,misc
image10585.jpg,misc
image9150.jpg,Attire
image10107.jpg,Decorationandsignage
image10668.jpg,Attire
image9718.jpg,Food
image10136.jpg,Attire
image9028.jpg,misc
image9134.jpg,Food
image9609.jpg,Attire
image9317.jpg,Attire
image9633.jpg,Food
image10463.jpg,Attire
image10856.jpg,Decorationandsignage
image10807.jpg,Decorationandsignage
image9357.jpg,Attire
image9377.jpg,misc
image10212.jpg,Attire
image9301.jpg,Food
image9641.jpg,Attire
image10237.jpg,Attire
image9516.jpg,Attire
image10483.jpg,Decorationandsignage
image10866.jpg,Food
image10061.jpg,Decorationandsignage
image9651.jpg,Decorationandsignage
image9084.jpg,Attire
image9950.jpg,Attire
image9512.jpg,misc
image10333.jpg,Attire
image9611.jpg,misc
image10035.jpg,Attire
image9339.jpg,Attire
image9385.jpg,Attire
image10674.jpg,Attire
image9394.jpg,Food
image9306.jpg,Attire
image10235.jpg,Food
image10312.jpg,Decorationandsignage
image10213.jpg,Attire
image9034.jpg,Food
image9262.jpg,misc
image9992.jpg,Attire
image9618.jpg,Decorationandsignage
image9571.jpg,Food
image9024.jpg,misc
image9927.jpg,Food
image10631.jpg,Decorationandsignage
image10692.jpg,Attire
image9564.jpg,Food
image10112.jpg,Decorationandsignage
image9290.jpg,misc
image9468.jpg,Attire
image9860.jpg,Attire
image10800.jpg,Attire
image10638.jpg,Attire
image10686.jpg,Decorationandsignage
image9830.jpg,misc
image10795.jpg,Attire
image9851.jpg,Food
image10727.jpg,Decorationandsignage
image9413.jpg,Food
image10647.jpg,misc
image10712.jpg,Decorationandsignage
image9358.jpg,Attire
image9963.jpg,Food
image10448.jpg,Attire
image10522.jpg,Food
image9294.jpg,Food
image9658.jpg,Attire
image10034.jpg,Attire
image10633.jpg,Attire
image9535.jpg,Attire
image9000.jpg,Decorationandsignage
image10762.jpg,Decorationandsignage
image9194.jpg,Attire
image10205.jpg,Attire
image9914.jpg,Food
image10243.jpg,Food
image10038.jpg,misc
image10657.jpg,Attire
image10325.jpg,Attire
image10134.jpg,Attire
image10321.jpg,Food
image10487.jpg,Food
image9231.jpg,Attire
image9574.jpg,Attire
image9955.jpg,Attire
image9841.jpg,Attire
image9367.jpg,misc
image10476.jpg,Food
image10273.jpg,Attire
image9682.jpg,misc
image10592.jpg,Attire
image9737.jpg,Attire
image9327.jpg,Food
image10620.jpg,Attire
image9810.jpg,Food
image10560.jpg,Food
image10199.jpg,misc
image9158.jpg,Decorationandsignage
image9133.jpg,Attire
image9926.jpg,Food
image9733.jpg,Attire
image9044.jpg,Attire
image10232.jpg,misc
image9669.jpg,Attire
image9169.jpg,Decorationandsignage
image10018.jpg,Food
image10808.jpg,Attire
image9137.jpg,Attire
image10131.jpg,Food
image10824.jpg,Decorationandsignage
image10262.jpg,misc
image9313.jpg,Attire
image9474.jpg,Attire
image10322.jpg,Attire
image9144.jpg,misc
image10818.jpg,Decorationandsignage
image10216.jpg,Food
image10578.jpg,Attire
image9022.jpg,Attire
image10211.jpg,Food
image10048.jpg,Attire
image9727.jpg,Attire
image10599.jpg,Food
image9209.jpg,Attire
image10113.jpg,Food
image10507.jpg,misc
image10301.jpg,misc
image9794.jpg,Decorationandsignage
image10709.jpg,Attire
image9479.jpg,misc
image9514.jpg,Food
image10063.jpg,Food
image9365.jpg,Food
image9539.jpg,Attire
image9265.jpg,Food
image10882.jpg,Attire
image9409.jpg,misc
image10683.jpg,misc
image10189.jpg,Decorationandsignage
image10887.jpg,Attire
image9741.jpg,Attire
image10696.jpg,Attire
image10745.jpg,Food
image10218.jpg,misc
image10298.jpg,Food
image10095.jpg,Attire
image9180.jpg,Attire
image9125.jpg,Attire
image9173.jpg,misc
image9014.jpg,misc
image10022.jpg,Decorationandsignage
image9919.jpg,Food
image10372.jpg,Attire
image10400.jpg,Food
image9787.jpg,Decorationandsignage
image10678.jpg,Attire
image10462.jpg,Food
image9854.jpg,Food
image10734.jpg,misc
image9814.jpg,Attire
image10413.jpg,misc
image9360.jpg,Attire
image9092.jpg,Food
image9949.jpg,Attire
image10375.jpg,Food
image10771.jpg,Food
image10184.jpg,Attire
image10423.jpg,Attire
image10139.jpg,Attire
image10323.jpg,Attire
image9359.jpg,Food
image9922.jpg,Food
image10255.jpg,Food
image9099.jpg,Food
image10610.jpg,Food
image10386.jpg,Attire
image9353.jpg,Attire
image10490.jpg,Attire
image10605.jpg,Attire
image9195.jpg,Attire
image10380.jpg,Attire
image9203.jpg,Food
image9843.jpg,Attire
image9087.jpg,Food
image10680.jpg,Decorationandsignage
image9452.jpg,Attire
image9162.jpg,Food
image9356.jpg,misc
image10283.jpg,misc
image9396.jpg,Decorationandsignage
image9178.jpg,Attire
image10514.jpg,misc
image10840.jpg,Food
image9635.jpg,misc
image9601.jpg,Attire
image10675.jpg,Attire
image9336.jpg,Attire
image9494.jpg,Food
image9607.jpg,Food
image9888.jpg,misc
image9775.jpg,Attire
image10377.jpg,Attire
image9035.jpg,Decorationandsignage
image10288.jpg,Decorationandsignage
image10608.jpg,Food
image9500.jpg,Decorationandsignage
image9152.jpg,Decorationandsignage
image9859.jpg,Attire
image10754.jpg,Attire
image9663.jpg,Attire
image10572.jpg,Attire
image10090.jpg,Attire
image10460.jpg,Food
image9929.jpg,Attire
image9845.jpg,Attire
image9584.jpg,Food
image9906.jpg,Food
image9074.jpg,Decorationandsignage
image9795.jpg,Attire
image9785.jpg,Decorationandsignage
image10593.jpg,Food
image10649.jpg,Attire
image9073.jpg,Food
image10652.jpg,Food
image10177.jpg,Food
image10535.jpg,Decorationandsignage
image9043.jpg,Attire
image10442.jpg,Food
image10401.jpg,Food
image10707.jpg,Food
image9370.jpg,Food
image9046.jpg,misc
image9059.jpg,Attire
image9331.jpg,Food
image9957.jpg,Food
image9935.jpg,Attire
image9779.jpg,Food
image10689.jpg,Attire
image9469.jpg,Food
image9573.jpg,misc
image9583.jpg,Attire
image9322.jpg,misc
image9720.jpg,Food
image10679.jpg,Food
image9740.jpg,Food
image10757.jpg,Attire
image9355.jpg,Food
image10724.jpg,Attire
image10239.jpg,Food
image10257.jpg,Decorationandsignage
image9160.jpg,Decorationandsignage
image10268.jpg,misc
image9515.jpg,Food
image10472.jpg,Decorationandsignage
image9638.jpg,Decorationandsignage
image9953.jpg,Attire
image10566.jpg,Food
image10534.jpg,Attire
image9738.jpg,Food
image10494.jpg,Attire
image9068.jpg,Food
image10369.jpg,Decorationandsignage
image9630.jpg,Attire
image10155.jpg,Attire
image9556.jpg,Attire
image9815.jpg,Attire
image10414.jpg,Food
image9902.jpg,Food
image10639.jpg,misc
image9697.jpg,Food
image10132.jpg,Food
image9868.jpg,Decorationandsignage
image10345.jpg,Decorationandsignage
image9844.jpg,misc
image9631.jpg,misc
image9908.jpg,Food
image10496.jpg,Attire
image9820.jpg,Food
image9726.jpg,misc
image10787.jpg,Food
image10516.jpg,misc
image9891.jpg,Attire
image10526.jpg,Food
image9960.jpg,Attire
image10313.jpg,Attire
image9268.jpg,Attire
image9967.jpg,Food
image10140.jpg,Decorationandsignage
image10165.jpg,Attire
image9991.jpg,Attire
image9948.jpg,Attire
image9625.jpg,Attire
image10569.jpg,Attire
image9877.jpg,Attire
image10263.jpg,misc
image9543.jpg,Attire
image9880.jpg,misc
image9592.jpg,Attire
image10545.jpg,Attire
image10792.jpg,misc
image9253.jpg,Attire
image9104.jpg,Food
image9739.jpg,misc
image10665.jpg,Attire
image10796.jpg,Food
image9672.jpg,Food
image10684.jpg,Attire
image10892.jpg,misc
image9298.jpg,Attire
image9230.jpg,misc
image9471.jpg,Attire
image9455.jpg,misc
image9728.jpg,Attire
image9008.jpg,Attire
image10030.jpg,Attire
image9522.jpg,Food
image10527.jpg,Attire
image10362.jpg,misc
image10109.jpg,misc
image9925.jpg,misc
image9608.jpg,Decorationandsignage
image10295.jpg,Decorationandsignage
image10794.jpg,Food
image10595.jpg,Decorationandsignage
image9510.jpg,Attire
image9117.jpg,misc
image9568.jpg,Attire
image9096.jpg,Decorationandsignage
image9270.jpg,Food
image9164.jpg,Food
image9214.jpg,Food
image10489.jpg,misc
image9982.jpg,Attire
image9288.jpg,Food
image9776.jpg,Attire
image10168.jpg,Attire
image9503.jpg,Attire
image10203.jpg,Food
image10612.jpg,Decorationandsignage
image10208.jpg,Attire
image10614.jpg,Attire
image9569.jpg,Decorationandsignage
image10504.jpg,Decorationandsignage
image10651.jpg,Food
image9381.jpg,misc
image9636.jpg,Attire
image9943.jpg,misc
image9369.jpg,Decorationandsignage
image10820.jpg,Attire
image9578.jpg,misc
image9311.jpg,Food
image9901.jpg,Attire
image10714.jpg,Food
image10890.jpg,Attire
image10054.jpg,Decorationandsignage
image10575.jpg,Food
image9731.jpg,Attire
image10135.jpg,Food
image9758.jpg,Decorationandsignage
image10045.jpg,Food
image9257.jpg,Food
image10681.jpg,Decorationandsignage
image9297.jpg,Food
image10726.jpg,Food
image10823.jpg,Decorationandsignage
image10711.jpg,Decorationandsignage
image10266.jpg,misc
image10148.jpg,Attire
image10531.jpg,Attire
image9947.jpg,Food
image10233.jpg,Food
image10096.jpg,Attire
image9952.jpg,Attire
image9451.jpg,Attire
image9161.jpg,Attire
image9431.jpg,Attire
image10274.jpg,Attire
image9285.jpg,Decorationandsignage
image10121.jpg,misc
image10126.jpg,Attire
image10374.jpg,Food
image10059.jpg,Attire
image9980.jpg,misc
image10336.jpg,Attire
image9937.jpg,Attire
image9681.jpg,Food
image9917.jpg,misc
image9001.jpg,Decorationandsignage
image9956.jpg,Attire
image9506.jpg,Food
image10161.jpg,Food
image10290.jpg,Attire
image9239.jpg,Attire
image9363.jpg,Attire
image10878.jpg,Food
image10197.jpg,Attire
image10399.jpg,misc
image9634.jpg,Attire
image10015.jpg,Attire
image10888.jpg,Attire
image10055.jpg,misc
image10843.jpg,Attire
image10817.jpg,Attire
image9816.jpg,misc
image9838.jpg,misc
image9300.jpg,Attire
image10776.jpg,Decorationandsignage
image9548.jpg,Attire
image9507.jpg,Food
image9387.jpg,Attire
image10329.jpg,Food
image9857.jpg,Attire
image9800.jpg,misc
image9307.jpg,Attire
image10630.jpg,Decorationandsignage
image9267.jpg,Decorationandsignage
image10528.jpg,Food
image9364.jpg,Decorationandsignage
image10557.jpg,Attire
image10785.jpg,misc
image9813.jpg,Food
image9979.jpg,misc
image9233.jpg,Food
image9439.jpg,Attire
image9390.jpg,Attire
image9192.jpg,misc
image9623.jpg,Attire
image9424.jpg,Attire
image9366.jpg,Decorationandsignage
image9822.jpg,Food
image9323.jpg,Attire
image10790.jpg,misc
image10181.jpg,Food
image9677.jpg,Decorationandsignage
image9176.jpg,Attire
image9984.jpg,Attire
image9383.jpg,Attire
image9304.jpg,Food
image9401.jpg,Attire
image10002.jpg,Food
image10108.jpg,Attire
image10852.jpg,Food
image9550.jpg,Attire
image10492.jpg,misc
image10883.jpg,Decorationandsignage
image9976.jpg,Attire
image10606.jpg,Food
image10849.jpg,Food
image9284.jpg,Food
image10834.jpg,Attire
image9778.jpg,Attire
image10127.jpg,Attire
image9142.jpg,Attire
image10293.jpg,Food
image10021.jpg,Decorationandsignage
image9818.jpg,Attire
image9277.jpg,Attire
image9559.jpg,Decorationandsignage
image9689.jpg,Attire
image10791.jpg,Food
image9135.jpg,Attire
image9052.jpg,Decorationandsignage
image10020.jpg,Attire
image10873.jpg,misc
image9819.jpg,Food
image10855.jpg,Food
image9166.jpg,misc
image10594.jpg,Food
image9764.jpg,Food
image9649.jpg,Attire
image9660.jpg,misc
image10398.jpg,Decorationandsignage
image9762.jpg,Decorationandsignage
image9833.jpg,Decorationandsignage
image10248.jpg,Attire
image9091.jpg,Food
image10196.jpg,misc
image9129.jpg,Food
image10601.jpg,Attire
image10172.jpg,Food
image9289.jpg,Attire
image9747.jpg,Food
image9272.jpg,Food
image10337.jpg,Attire
image9703.jpg,Decorationandsignage
image9386.jpg,Attire
image10879.jpg,Attire
image9179.jpg,Food
image9019.jpg,Food
image10822.jpg,Food
image10204.jpg,Decorationandsignage
image10706.jpg,Decorationandsignage
image9187.jpg,Attire
image9626.jpg,Food
image10864.jpg,misc
image9784.jpg,misc
image10097.jpg,Attire
image9428.jpg,Food
image10853.jpg,Attire
image10220.jpg,Attire
image10729.jpg,misc
image10722.jpg,Food
image10672.jpg,Food
image10786.jpg,Decorationandsignage
image9328.jpg,Decorationandsignage
image10500.jpg,Decorationandsignage
image10070.jpg,Attire
image9496.jpg,Attire
image9080.jpg,Attire
image10179.jpg,misc
image10556.jpg,Attire
image9624.jpg,misc
image10511.jpg,misc
image10195.jpg,Attire
image10588.jpg,Attire
image10066.jpg,Attire
image9796.jpg,Attire
image10493.jpg,Decorationandsignage
image9213.jpg,Attire
image10869.jpg,Food
image10152.jpg,Attire
image9373.jpg,Food
image9766.jpg,misc
image10710.jpg,Attire
image9018.jpg,Food
image10276.jpg,misc
image10471.jpg,Food
image9039.jpg,Attire
image9648.jpg,Food
image10326.jpg,Attire
image9930.jpg,Food
image10703.jpg,Food
image9540.jpg,Decorationandsignage
image9171.jpg,misc
image10225.jpg,misc
image9226.jpg,Attire
image9491.jpg,Attire
image10173.jpg,Food
image9447.jpg,Food
image10253.jpg,Attire
image10781.jpg,Food
image9730.jpg,Attire
image10296.jpg,Food
image10839.jpg,misc
image9645.jpg,Attire
image10635.jpg,Food
image10454.jpg,Attire
image10783.jpg,Food
image10464.jpg,Food
image10875.jpg,misc
image10434.jpg,Attire
image9255.jpg,misc
image10854.jpg,Attire
image10561.jpg,Attire
image10129.jpg,Food
image10863.jpg,misc
image10445.jpg,Food
image9842.jpg,Food
image9646.jpg,Decorationandsignage
image10187.jpg,Food
image10716.jpg,Food
image9378.jpg,Attire
image10198.jpg,Decorationandsignage
image10128.jpg,Attire
image9582.jpg,Food
image9335.jpg,Food
image9839.jpg,Attire
image9781.jpg,Food
image10449.jpg,Food
image10655.jpg,Attire
image9114.jpg,misc
image10609.jpg,Attire
image9873.jpg,misc
image9011.jpg,Attire
image9340.jpg,Food
image9246.jpg,Attire
image10186.jpg,Attire
image10644.jpg,Attire
image9722.jpg,Food
image10495.jpg,misc
image10361.jpg,Decorationandsignage
image10816.jpg,misc
image9456.jpg,Attire
image10673.jpg,Attire
image10658.jpg,Food
image9485.jpg,Attire
image10185.jpg,misc
image10057.jpg,Food
image10384.jpg,Attire
image10573.jpg,misc
image9593.jpg,Attire
image9197.jpg,misc
image10717.jpg,Attire
image10525.jpg,Food
image9128.jpg,Food
image10428.jpg,Food
image9974.jpg,Attire
image9932.jpg,misc
image9771.jpg,Attire
image9519.jpg,Food
image10041.jpg,Decorationandsignage
image10060.jpg,Food
image9870.jpg,Food
image10453.jpg,Attire
image9063.jpg,Food
image9126.jpg,misc
image9083.jpg,Attire
image9497.jpg,Food
image9070.jpg,Attire
image9606.jpg,misc
image10320.jpg,Food
image10383.jpg,Attire
image10551.jpg,Decorationandsignage
image10393.jpg,Attire
image10000.jpg,misc
image10550.jpg,Decorationandsignage
image10636.jpg,Food
image9325.jpg,Decorationandsignage
image10335.jpg,Attire
image10533.jpg,Attire
image9205.jpg,Food
image9715.jpg,Food
image10138.jpg,Decorationandsignage
image9704.jpg,Decorationandsignage
image9757.jpg,Attire
image9392.jpg,Attire
image10782.jpg,Decorationandsignage
image9218.jpg,misc
image10308.jpg,Food
image10778.jpg,Attire
image10104.jpg,Attire
image9100.jpg,Attire
image10089.jpg,Attire
image10513.jpg,Attire
image10223.jpg,misc
image10466.jpg,Food
image9498.jpg,Attire
image10284.jpg,Attire
image10025.jpg,Attire
image10214.jpg,Food
image10642.jpg,Food
image10188.jpg,misc
image10880.jpg,Food
image10439.jpg,Attire
image9189.jpg,Food
image10715.jpg,misc
image10017.jpg,Food
image10229.jpg,Food
image9962.jpg,misc
image10763.jpg,Attire
image10432.jpg,Attire
image9079.jpg,Food
image10344.jpg,Attire
image10083.jpg,Attire
image10234.jpg,Food
image9067.jpg,Attire
image9706.jpg,misc
image10811.jpg,Attire
image10334.jpg,Food
image10641.jpg,Attire
image10385.jpg,misc
image9076.jpg,Attire
image10328.jpg,misc
image10803.jpg,Decorationandsignage
image9871.jpg,Attire
image10847.jpg,misc
image9182.jpg,Attire
image9434.jpg,misc
image10004.jpg,Attire
image9146.jpg,misc
image9201.jpg,misc
image10085.jpg,Attire
image10677.jpg,Decorationandsignage
image9968.jpg,Attire
image9149.jpg,Food
image10699.jpg,misc
image9159.jpg,Food
image10347.jpg,Food
image9591.jpg,Attire
image10479.jpg,Food
image9229.jpg,Attire
image10848.jpg,Attire
image9086.jpg,Attire
image9450.jpg,Food
image9615.jpg,Decorationandsignage
image10602.jpg,Attire
image9486.jpg,misc
image10174.jpg,Decorationandsignage
image10446.jpg,Attire
image9088.jpg,Food
image9136.jpg,misc
image10656.jpg,Attire
image10256.jpg,Attire
image10470.jpg,Food
image10167.jpg,Decorationandsignage
image9276.jpg,Attire
image9318.jpg,Decorationandsignage
image10663.jpg,Attire
image9997.jpg,Food
image10693.jpg,Attire
image9430.jpg,misc
image9821.jpg,Attire
image9156.jpg,Food
image10396.jpg,Food
image9707.jpg,misc
image10799.jpg,Attire
image9904.jpg,Attire
image9643.jpg,Attire
image9909.jpg,Decorationandsignage
image9045.jpg,Decorationandsignage
image9777.jpg,Decorationandsignage
image10589.jpg,Attire
image9342.jpg,Attire
image10303.jpg,Attire
image9410.jpg,misc
image9131.jpg,Attire
image9628.jpg,Attire
image9918.jpg,Attire
image9883.jpg,Decorationandsignage
image10661.jpg,Attire
image10465.jpg,Food
image9329.jpg,misc
image9316.jpg,Attire
image9009.jpg,Food
image9399.jpg,Food
image9863.jpg,Attire
image10580.jpg,Food
image9629.jpg,Attire
image9228.jpg,Attire
image9124.jpg,Attire
image9444.jpg,Food
image9613.jpg,Food
image9803.jpg,Attire
image10036.jpg,Food
image9856.jpg,Food
image10412.jpg,Decorationandsignage
image10766.jpg,Attire
image9898.jpg,Food
image9023.jpg,misc
image10851.jpg,Attire
image9106.jpg,Food
image10286.jpg,Attire
image10141.jpg,misc
image9798.jpg,misc
image9102.jpg,misc
image9809.jpg,Attire
image9460.jpg,Food
image10069.jpg,Attire
image10013.jpg,Attire
image10626.jpg,Food
image10390.jpg,misc
image10080.jpg,Food
image10424.jpg,Food
image10506.jpg,Attire
image9735.jpg,Attire
image10742.jpg,Attire
image9487.jpg,Attire
image9673.jpg,Food
image10331.jpg,Attire
image9321.jpg,Decorationandsignage
image9266.jpg,Food
image10193.jpg,Attire
